{
  "S01_T02_Open_Tables_Category" : {
    "transaction" : "S01_T02_Open_Tables_Category",
    "sampleCount" : 698,
    "errorCount" : 0,
    "errorPct" : 0.0,
    "meanResTime" : 544.4111747850999,
    "medianResTime" : 554.0,
    "minResTime" : 60.0,
    "maxResTime" : 2219.0,
    "pct1ResTime" : 848.1,
    "pct2ResTime" : 935.05,
    "pct3ResTime" : 1155.0,
    "throughput" : 0.7787649323712946,
    "receivedKBytesPerSec" : 38.87284689068617,
    "sentKBytesPerSec" : 0.41371887032225024
  },
  "S01_T05_Open_Chairs_Category" : {
    "transaction" : "S01_T05_Open_Chairs_Category",
    "sampleCount" : 693,
    "errorCount" : 0,
    "errorPct" : 0.0,
    "meanResTime" : 577.5079365079365,
    "medianResTime" : 627.0,
    "minResTime" : 57.0,
    "maxResTime" : 1289.0,
    "pct1ResTime" : 865.2,
    "pct2ResTime" : 953.3,
    "pct3ResTime" : 1120.199999999999,
    "throughput" : 0.7761714252433796,
    "receivedKBytesPerSec" : 34.576770532562236,
    "sentKBytesPerSec" : 0.3971814715112606
  },
  "S01_T010_Confirm_An_Order" : {
    "transaction" : "S01_T010_Confirm_An_Order",
    "sampleCount" : 693,
    "errorCount" : 0,
    "errorPct" : 0.0,
    "meanResTime" : 16257.805194805198,
    "medianResTime" : 16312.0,
    "minResTime" : 665.0,
    "maxResTime" : 34241.0,
    "pct1ResTime" : 20948.8,
    "pct2ResTime" : 22403.299999999985,
    "pct3ResTime" : 26596.499999999996,
    "throughput" : 0.7677088156900628,
    "receivedKBytesPerSec" : 26.689332629577173,
    "sentKBytesPerSec" : 3.59498169733163
  },
  "S01_T010_Confirm_An_Order-0" : {
    "transaction" : "S01_T010_Confirm_An_Order-0",
    "sampleCount" : 693,
    "errorCount" : 0,
    "errorPct" : 0.0,
    "meanResTime" : 15953.275613275611,
    "medianResTime" : 15976.0,
    "minResTime" : 626.0,
    "maxResTime" : 33680.0,
    "pct1ResTime" : 20710.0,
    "pct2ResTime" : 22093.69999999999,
    "pct3ResTime" : 26419.44,
    "throughput" : 0.7677589967949108,
    "receivedKBytesPerSec" : 0.3808869312850159,
    "sentKBytesPerSec" : 3.137110484175634
  },
  "S01_T010_Confirm_An_Order-1" : {
    "transaction" : "S01_T010_Confirm_An_Order-1",
    "sampleCount" : 693,
    "errorCount" : 0,
    "errorPct" : 0.0,
    "meanResTime" : 304.3795093795096,
    "medianResTime" : 317.0,
    "minResTime" : 38.0,
    "maxResTime" : 862.0,
    "pct1ResTime" : 450.0,
    "pct2ResTime" : 538.5999999999999,
    "pct3ResTime" : 740.06,
    "throughput" : 0.7706062102187053,
    "receivedKBytesPerSec" : 26.40776086736844,
    "sentKBytesPerSec" : 0.4598050726988564
  },
  "S01_T09_Click_On_Plce_An_Order" : {
    "transaction" : "S01_T09_Click_On_Plce_An_Order",
    "sampleCount" : 693,
    "errorCount" : 0,
    "errorPct" : 0.0,
    "meanResTime" : 390.160173160173,
    "medianResTime" : 406.0,
    "minResTime" : 42.0,
    "maxResTime" : 1374.0,
    "pct1ResTime" : 603.6000000000001,
    "pct2ResTime" : 647.0,
    "pct3ResTime" : 836.5999999999995,
    "throughput" : 0.7751174979699303,
    "receivedKBytesPerSec" : 48.88052826969839,
    "sentKBytesPerSec" : 0.5749220653190286
  },
  "S01_T01_Open_Main_Page" : {
    "transaction" : "S01_T01_Open_Main_Page",
    "sampleCount" : 698,
    "errorCount" : 0,
    "errorPct" : 0.0,
    "meanResTime" : 699.8982808022922,
    "medianResTime" : 750.5,
    "minResTime" : 69.0,
    "maxResTime" : 2209.0,
    "pct1ResTime" : 1105.3000000000002,
    "pct2ResTime" : 1197.3499999999997,
    "pct3ResTime" : 1487.5099999999995,
    "throughput" : 0.7792909568755122,
    "receivedKBytesPerSec" : 39.45240278819809,
    "sentKBytesPerSec" : 0.2732084507014735
  },
  "S01_T04_Add_Table_To_Cart" : {
    "transaction" : "S01_T04_Add_Table_To_Cart",
    "sampleCount" : 696,
    "errorCount" : 0,
    "errorPct" : 0.0,
    "meanResTime" : 307.69396551724174,
    "medianResTime" : 311.0,
    "minResTime" : 24.0,
    "maxResTime" : 1612.0,
    "pct1ResTime" : 516.0,
    "pct2ResTime" : 537.15,
    "pct3ResTime" : 811.8999999999937,
    "throughput" : 0.7746838655389229,
    "receivedKBytesPerSec" : 0.5227635646894419,
    "sentKBytesPerSec" : 0.45467285467665297
  },
  "S01_T06_Select_Chair" : {
    "transaction" : "S01_T06_Select_Chair",
    "sampleCount" : 693,
    "errorCount" : 0,
    "errorPct" : 0.0,
    "meanResTime" : 546.4213564213557,
    "medianResTime" : 538.0,
    "minResTime" : 50.0,
    "maxResTime" : 1464.0,
    "pct1ResTime" : 835.2,
    "pct2ResTime" : 880.3,
    "pct3ResTime" : 1153.199999999999,
    "throughput" : 0.7754800590841949,
    "receivedKBytesPerSec" : 35.04325750931583,
    "sentKBytesPerSec" : 0.4093248539680408
  },
  "S01_T03_Select_Table" : {
    "transaction" : "S01_T03_Select_Table",
    "sampleCount" : 698,
    "errorCount" : 0,
    "errorPct" : 0.0,
    "meanResTime" : 627.4326647564474,
    "medianResTime" : 625.0,
    "minResTime" : 61.0,
    "maxResTime" : 2274.0,
    "pct1ResTime" : 948.2,
    "pct2ResTime" : 1101.05,
    "pct3ResTime" : 1451.2199999999998,
    "throughput" : 0.7770699786027435,
    "receivedKBytesPerSec" : 34.95763592671162,
    "sentKBytesPerSec" : 0.4125683728343906
  },
  "JSR223 Sampler - prepearing body for placing an order" : {
    "transaction" : "JSR223 Sampler - prepearing body for placing an order",
    "sampleCount" : 693,
    "errorCount" : 0,
    "errorPct" : 0.0,
    "meanResTime" : 0.7676767676767672,
    "medianResTime" : 0.0,
    "minResTime" : 0.0,
    "maxResTime" : 159.0,
    "pct1ResTime" : 1.0,
    "pct2ResTime" : 1.0,
    "pct3ResTime" : 2.0599999999999454,
    "throughput" : 0.7751686523139288,
    "receivedKBytesPerSec" : 0.0,
    "sentKBytesPerSec" : 0.0
  },
  "S01_T08_Open_Cart" : {
    "transaction" : "S01_T08_Open_Cart",
    "sampleCount" : 693,
    "errorCount" : 0,
    "errorPct" : 0.0,
    "meanResTime" : 355.59595959596004,
    "medianResTime" : 334.0,
    "minResTime" : 40.0,
    "maxResTime" : 1166.0,
    "pct1ResTime" : 535.6,
    "pct2ResTime" : 618.0,
    "pct3ResTime" : 867.0999999999954,
    "throughput" : 0.7745136936926869,
    "receivedKBytesPerSec" : 28.536486594095592,
    "sentKBytesPerSec" : 0.39482045713631103
  },
  "S01_T07_Add_Chair_To_Cart" : {
    "transaction" : "S01_T07_Add_Chair_To_Cart",
    "sampleCount" : 693,
    "errorCount" : 0,
    "errorPct" : 0.0,
    "meanResTime" : 311.56565656565647,
    "medianResTime" : 299.0,
    "minResTime" : 26.0,
    "maxResTime" : 1345.0,
    "pct1ResTime" : 511.0,
    "pct2ResTime" : 593.8999999999999,
    "pct3ResTime" : 826.2399999999998,
    "throughput" : 0.7749684085749751,
    "receivedKBytesPerSec" : 0.5229566830541359,
    "sentKBytesPerSec" : 0.45408305189939946
  },
  "JSR223 Sampler - preparing variable as part of request body for confirming an order" : {
    "transaction" : "JSR223 Sampler - preparing variable as part of request body for confirming an order",
    "sampleCount" : 693,
    "errorCount" : 0,
    "errorPct" : 0.0,
    "meanResTime" : 0.6551226551226558,
    "medianResTime" : 1.0,
    "minResTime" : 0.0,
    "maxResTime" : 57.0,
    "pct1ResTime" : 1.0,
    "pct2ResTime" : 1.0,
    "pct3ResTime" : 2.0,
    "throughput" : 0.775200735601737,
    "receivedKBytesPerSec" : 0.0,
    "sentKBytesPerSec" : 0.0
  },
  "Total" : {
    "transaction" : "Total",
    "sampleCount" : 9720,
    "errorCount" : 0,
    "errorPct" : 0.0,
    "meanResTime" : 2630.2919753086253,
    "medianResTime" : 425.0,
    "minResTime" : 0.0,
    "maxResTime" : 34241.0,
    "pct1ResTime" : 14904.399999999998,
    "pct2ResTime" : 17066.699999999993,
    "pct3ResTime" : 21373.79,
    "throughput" : 10.74668450409911,
    "receivedKBytesPerSec" : 311.92284812361453,
    "sentKBytesPerSec" : 10.922066584251462
  },
  "Place an order" : {
    "transaction" : "Place an order",
    "sampleCount" : 678,
    "errorCount" : 0,
    "errorPct" : 0.0,
    "meanResTime" : 20674.821533923292,
    "medianResTime" : 21243.5,
    "minResTime" : 1356.0,
    "maxResTime" : 39118.0,
    "pct1ResTime" : 25047.4,
    "pct2ResTime" : 26837.35,